n,url,http_status,content_type,size_bytes,size_mb,pages,valid_pdf,sha256,duplicate_url,linked_entries,linked_issues,pdf_title,result,error
1,https://chspu.ru/wp-content/uploads/2026/07/Журнал-Известия-Чеченского-государственного-педагогического-университета-Серия-2.-Вопросы-философии-и-психологии-№1-1-2026_compressed.pdf,200,application/pdf,981270,0.94,103,True,61a18518229fffe74cdc1ca60dc79692c793185bd5032d5eb426124083460943,False,1,2026 Серия 2. Вопросы философии и психологии №1 (1) 2026,,OK,
2,https://chspu.ru/wp-content/uploads/2026/07/Известия-Чеченского-государственного-педагогического-университета.-Серия-1-гуманитарные-и-общественные-науки.-2026.-№-2-54_compressed.pdf,200,application/pdf,2682377,2.56,218,True,cfe2e3e8cee2c86be8b9d925947aa4c49ff5a8240349489aaabaf902c361a171,False,1,2026 Серия 1 гуманитарные и общественные науки № 2 (54) 2026,,OK,
3,https://chspu.ru/wp-content/uploads/2026/04/Известия-Чеченского-государственного-педагогического-университета.-Серия-1-гуманитарные-и-общественные-науки.-2026.-№-1-53.pdf,200,application/pdf,2875544,2.74,177,True,68665f2710b039fe0faa8e64c3453451f9f56b34425688bef4ebc7c8d54d40bb,False,1,2026 Серия 1 гуманитарные и общественные науки № 1 (53) 2026,Известия Чеченского государственного педагогического университета. Серия 1 гуманитарные и общественные науки. 2026. № 1 (53).indd,OK,
4,https://chspu.ru/wp-content/uploads/2026/04/Известия-Чеченского-государственного-педагогического-университета.-Серия-1-гуманитарные-и-общественные-науки.-2025.-№-4-52.pdf,200,application/pdf,4561869,4.35,209,True,7012b044299183f49eb994632eee6dbbaaa8b5535fa52e70eb357db0f5af7ba7,False,1,2025 Серия 1 гуманитарные и общественные науки № 4 (52) 2025,Известия Чеченского государственного педагогического университета. Серия 1 гуманитарные и общественные науки. 2025. № 4 (52).indd,OK,
5,https://chspu.ru/wp-content/uploads/2025/10/Известия-Чеченского-государственного-педагогического-университета.-Серия-1-гуманитарные-и-общественные-науки.-2025.-№-3-51-1.pdf,200,application/pdf,3744452,3.57,212,True,72ed221184229499bc5cc22d05b1a0d715a5ee9ae261067a29816bb433c1b188,False,1,"2025 Серия 1. Гуманитарные и общественные науки №3 (51), 2025",,OK,
6,https://chspu.ru/wp-content/uploads/2025/08/ИЗВЕСТИЯ-ЧЕЧЕНСКОГО-ГОСУДАРСТВЕННОГО-ПЕДАГОГИЧЕСКОГО-УНИВЕРСИТЕТА-Серия-1.-Гуманитарные-и-обще-ственные-науки-№2-50-2025.pdf,200,application/pdf,4302687,4.1,157,True,9a31a86222076a9450888d62719e89d2b5583736dd687884bed1f13c8cb8d13b,False,1,"2025 Серия 1. Гуманитарные и общественные науки №2 (50), 2025",,OK,
7,https://chspu.ru/wp-content/uploads/2025/04/ИЗВЕСТИЯ-ЧЕЧЕНСКОГО-ГОСУДАРСТВЕННОГО-ПЕДАГОГИЧЕСКОГО-УНИВЕРСИТЕТА-Серия-1.-Гуманитарные-и-общественные-науки-№1-49-2025.pdf,200,application/pdf,2455669,2.34,145,True,0852e2f725b56c8fcc89156f2581fcdd3b7733275caf0f56c85aefeaecb2eb26,False,1,"2025 Серия 1. Гуманитарные и общественные науки №1 (49), 2025",,OK,
8,https://chspu.ru/wp-content/uploads/2024/12/Журнал-Известия-Чеченского-государственного-педагогического-университета-Серия-1.-Гуманитарные-и-общественные-науки-№4-48-2024_compressed.pdf,200,application/pdf,2881152,2.75,197,True,017899759ac199b5b8e3e71578d81ca4887a153d828a792d3b8bcef2a922e619,False,1,2024 Серия 1. Гуманитарные и общественные науки №4 (48) 2024,,OK,
9,https://chspu.ru/wp-content/uploads/2024/12/Журнал-Известия-Чеченского-государственного-педагогического-университета-Серия-1.-Гуманитарные-и-общественные-науки-№3-47-2024_compressed.pdf,200,application/pdf,1669897,1.59,149,True,84f7ed97830b7199feaf8cac733cbff857c39053f3bf8c81e4c70889e7401f43,False,1,2024 Серия 1. Гуманитарные и общественные науки №3 (47) 2024,,OK,
10,https://chspu.ru/wp-content/uploads/2024/09/Журнал-Известия-Чеченского-государственного-педагогического-университета-Серия-1.-Гуманитарные-и-общественные-науки-№2-46-2024.pdf,200,application/pdf,2549079,2.43,145,True,2eaaebb06b952d9c95cf63ed2f75b20297899df5e34ac142b6dddd1e2c836a49,False,1,2024 Серия 1. Гуманитарные и общественные науки №2 (46) 2024,,OK,
11,https://chspu.ru/wp-content/uploads/2024/06/Журнал-Известия-Чеченского-государственного-педагогического-университета-Серия-1.-№1-45-2024-г..pdf,200,application/pdf,2293293,2.19,137,True,afeef8c75a6ea917e54d744cc1dd16bc31460651b1be933977694e250e3a35ad,False,1,2024 Серия 1. Гуманитарные и общественные науки №1 (45) 2024,,OK,
12,https://chspu.ru/wp-content/uploads/2024/05/Журнал-Известия-Чеченского-государственного-педагогического-университета-Серия-2.-Психологические-и-философские-науки-№1-1-2024_compressed.pdf,200,application/pdf,1227279,1.17,101,True,5c4a563d16006fc5b49481fff94136018dbbcf3a34f07275d631af50e69c2352,False,1,2024 Серия 2. Психологические и философские науки №1 (1) 2024,,OK,
13,https://chspu.ru/wp-content/uploads/2024/09/Журнал-Известия-Чеченского-государственного-педагогического-университета-Серия-2.-Психологические-и-философские-науки-№2-2-2024.pdf,200,application/pdf,1401243,1.34,79,True,ac117d9043734cc9fcf7bdbdc8c867fbeb38f1f9e7429f27191e78224e726cca,False,1,2024 Серия 2. Психологические и философские науки №2 (2) 2024,,OK,
14,https://chspu.ru/wp-content/uploads/2025/08/ИЗВЕСТИЯ-ЧЕЧЕНСКОГО-ГОСУДАРСТВЕННОГО-ПЕДАГОГИЧЕСКОГО-УНИВЕРСИТЕТА-Серия-2.-Психологические-и-философские-науки-№3-3-2024.pdf,200,application/pdf,1487600,1.42,108,True,2b38e9cc43824d6801735b3f108fb368abdf4222a98e9812ceb970b28e1abe64,False,1,2024 Серия 2. Психологические и философские науки №3 (3) 2024,,OK,
15,https://chspu.ru/wp-content/uploads/2024/02/ИЗВЕСТИЯ-ЧЕЧЕНСКОГО-ГОСУДАРСТВЕННОГО-ПЕДАГОГИЧЕСКОГО-УНИВЕРСИТЕТА-Серия-1.-Гуманитарные-и-общественные-науки-№4-44-2023_compressed.pdf,200,application/pdf,963311,0.92,101,True,72eb6a351e7995622fa72aa1db5bff53f554c1f426ddac20648a9695145aa282,False,1,"2023 Серия 1. Гуманитарные и общественные науки №4 (44), 2023",,OK,
16,https://chspu.ru/wp-content/uploads/2024/02/ИЗВЕСТИЯ-ЧЕЧЕНСКОГО-ГОСУДАРСТВЕННОГО-ПЕДАГОГИЧЕСКОГО-УНИВЕРСИТЕТА-Серия-1.-Гуманитарные-и-общественные-науки-№3-43-2023_compressed.pdf,200,application/pdf,945294,0.9,100,True,c18fea0e3946113dedd9ce3deea0b1a47aee371591e0954114bc32a5fd4d740c,False,1,"2023 Серия 1. Гуманитарные и общественные науки №3 (43), 2023",,OK,
17,https://chspu.ru/wp-content/uploads/2023/10/ИЗВЕСТИЯ-ЧЕЧЕНСКОГО-ГОСУДАРСТВЕННОГО-ПЕДАГОГИЧЕСКОГО-УНИВЕРСИТЕТА-Серия-1.-Гуманитарные-и-общественные-науки-№2-42-2023.pdf,200,application/pdf,2748997,2.62,132,True,22337ab8fc0af94c6a0efa17508a196dce92f8c735e44bd0948b76b0ce9f9be6,False,1,"2023 Серия 1. Гуманитарные и общественные науки №2 (42), 2023",,OK,
18,https://chspu.ru/wp-content/uploads/2025/07/Известия-Чеченского-государственного-педагогического-университета-Серия-1.-Гуманитарные-и-общественные-науки-№1-41-2023-1.pdf,200,application/pdf,2899013,2.76,109,True,2f069124cf290398145a1cd07beb9bb1a15ea5ab71dc615e81fb534680a2719b,False,1,"2023 Серия 1. Гуманитарные и общественные науки №1 (41), 2023",,OK,
19,https://chspu.ru/wp-content/uploads/2023/02/ИЗВЕСТИЯ-ЧЕЧЕНСКОГО-ГОСУДАРСТВЕННОГО-ПЕДАГОГИЧЕСКОГО-УНИВЕРСИТЕТА-Серия-1.-Гуманитарные-и-общественные-науки-№4-40-2022.pdf,200,application/pdf,2280216,2.17,167,True,6f5075ba0d2de161d55ceca90581bf691471d431762d4c5b84b9695807112712,False,1,"2022 Серия 1. Гуманитарные и общественные науки №4 (40), 2022",,OK,
20,https://chspu.ru/wp-content/uploads/2023/01/ИЗВЕСТИЯ-ЧЕЧЕНСКОГО-ГОСУДАРСТВЕННОГО-ПЕДАГОГИЧЕСКОГО-УНИВЕРСИТЕТА-Серия-1.-Гуманитарные-и-общественные-науки-№3-39-2022.pdf,200,application/pdf,2727436,2.6,105,True,65e335510d7f6c83b57957feae715b95a77e060a62c3d8bd95e1346ba7f1b5a4,False,1,"2022 Серия 1. Гуманитарные и общественные науки №3 (39), 2022",,OK,
21,https://chspu.ru/wp-content/uploads/2022/11/Известия-Чеченского-государственного-педагогического-университета-Серия-1.-Гуманитарные-и-общественные-науки-№2-38-2022.pdf,200,application/pdf,2821424,2.69,122,True,a23a1ac481b52cc669ffbb49abd1e5e62b7c1e99fd7444469d4c55d65ab900af,False,1,"2022 Серия 1. Гуманитарные и общественные науки №2 (38), 2022",,OK,
22,https://chspu.ru/wp-content/uploads/2022/08/ИЗВЕСТИЯ-ЧЕЧЕНСКОГО-ГОСУДАРСТВЕННОГО-ПЕДАГОГИЧЕСКОГО-УНИВЕРСИТЕТА-Серия-1.-Гуманитарные-и-общественные-науки-№1-37-2022.pdf,200,application/pdf,2219630,2.12,117,True,3cc05a141478f6ace4beb60f91188e131942e4db916ef38d618821729f976081,False,1,"2022 Серия 1. Гуманитарные и общественные науки №1 (37), 2022",,OK,
23,https://chspu.ru/wp-content/uploads/2025/07/ИЗВЕСТИЯ-ЧЕЧЕНСКОГО-ГОСУДАРСТВЕННОГО-ПЕДАГОГИЧЕСКОГО-УНИВЕРСИТЕТА-Серия-1.-Гуманитарные-и-общественные-науки-№4-36-2021-1.pdf,200,application/pdf,2836629,2.71,192,True,025994497127821cb0affa571f46c8db2d1ed9eccef33f5f767858593dd7ea3e,False,1,2021 Серия 1. Гуманитарные и общественные науки №4,,OK,
24,https://chspu.ru/wp-content/uploads/2025/07/ИЗВЕСТИЯ-ЧЕЧЕНСКОГО-ГОСУДАРСТВЕННОГО-ПЕДАГОГИЧЕСКОГО-УНИВЕРСИТЕТА-Серия-1.-Гуманитарные-и-общественные-науки-№3-35-2021-1.pdf,200,application/pdf,1985104,1.89,124,True,24c92e69992a85c43ed4ac776e36bff24e510c5d2a11f158709edb7b380cdec2,False,1,2021 Серия 1. Гуманитарные и общественные науки №3,,OK,
25,https://chspu.ru/wp-content/uploads/2021/08/Известия-Чеченского-государственного-педагогического-университета-2021-г.-Серия-2.-Гуманитарные-и-общественные-науки.pdf,200,application/pdf,2108359,2.01,130,True,0d93c2efbf5948524282d1a7254d7e7e0486210f68474a2cf264d09b2620bf98,False,1,2021 Серия 1. Гуманитарные и общественные науки №2,,OK,
26,https://chspu.ru/wp-content/uploads/2021/08/Известия-Чеченского-государственного-педагогического-университета-2021-г.-Серия-1.-Гуманитарные-и-общественные-науки.pdf,200,application/pdf,2866437,2.73,181,True,40f3d5c4f9ede8eb1fce8eb1d61f6d395c035f6285cb3d66469a0132fc7719f2,False,1,2021 Серия 1. Гуманитарные и общественные науки №1,,OK,
27,https://chspu.ru/wp-content/uploads/2021/08/Известия-Чеченского-государственного-педагогического-университета-2021-г.-Серия-2.-Естественные-и-технические-науки.pdf,200,application/pdf,3217602,3.07,104,True,d8898ee420edeac6017f3b8b64f99deafbaa2d76276f9cb7e18281747f975d6b,False,1,2021 Серия 2. Естественные и технические науки №1,,OK,
28,https://chspu.ru/wp-content/uploads/2022/03/ИЗВЕСТИЯ-ЧЕЧЕНСКОГО-ГОСУДАРСТВЕННОГО-ПЕДАГОГИЧЕСКОГО-УНИВЕРСИТЕТА-Серия-2.-Естественные-и-технические-науки-№2-25-2021.pdf,200,application/pdf,3431706,3.27,92,True,2250fef62c92959d34422571ca59db570b73849e5962ca34e75d3ce0448fad51,False,1,"2021 Серия 2. Естественные и технические науки №2 (25), 2021",,OK,
29,https://chspu.ru/wp-content/uploads/2020/07/gum.-2-30-2020-a..pdf,404,,0,0.0,,False,,True,2,2020 Серия 1. Гуманитарные и общественные науки №1(29) том 27.; 2020 Серия 1. Гуманитарные и общественные науки №2(30) том 28.,,CHECK,HTTPError 404: Not Found
30,https://chspu.ru/wp-content/uploads/2021/01/Izvestija-Chechenskogo-gosudarstvennogo-pedagogicheskogo-universiteta-2020-g.-Serija-1-Gumanitarnye-i-obshhestvennye-nauki-432.pdf,200,application/pdf,3728439,3.56,245,True,59589a8ffa0a3e0a5f9a47342dc2086ddae3bd7b02e7032913ac80691532b852,False,1,2020 Серия 1 Гуманитарные и общественные науки №4(32),,OK,
31,https://chspu.ru/wp-content/uploads/2021/01/Izvestija-Chechenskogo-gosudarstvennogo-pedagogicheskogo-universiteta-Serija-2.-Estestvennye-i-tehnicheskie-nauki-2-23.pdf,200,application/pdf,2677107,2.55,81,True,b07f5118bb8f4c0f2eb86a24836f8e0fdb3ba7c65612c65876647551e5ee1dcd,False,1,2020 Серия 2. Естественные и технические науки №2 (23),,OK,
32,https://chspu.ru/wp-content/uploads/2021/01/Izvestija-Chechenskogo-gosudarstvennogo-pedagogicheskogo-universiteta-2020-g.-Serija-1-Gumanitarnye-i-obshhestvennye-nauki-3-31.pdf,200,application/pdf,3268344,3.12,203,True,49cb7dc05ca28b91d60ded5f8518a781ca87f98f43d903e71d6b1c8ee1bdb4b7,False,1,2020 Серия 1 Гуманитарные и общественные науки №3 (31),,OK,
33,https://chspu.ru/wp-content/uploads/2020/07/est.-№1-22-2020-a.pdf,404,,0,0.0,,False,,False,1,2020 Серия 2. Естественные и технические науки №1 (22) том 19.,,CHECK,HTTPError 404: Not Found
34,https://chspu.ru/wp-content/uploads/2020/07/izvestiya-chgpu-gum-2018-121-tom-18.pdf,200,application/pdf,1992190,1.9,238,True,0e58b6c58d8cecb7147e693d9acf07d18114212898ed5c45ab5951cc2bc3ba6b,True,5,2019 Серия 1. Гуманитарные и общественные науки №1(25) том 23.; 2018 Серия 1. Гуманитарные и общественные науки №1(21) том 18.; 2018 Серия 1. Гуманитарные и общественные науки №2(22) том 19.; 2018 Серия 1. Гуманитарные и общественные науки №3(23) том 21.; 2018 Серия 1. Гуманитарные и общественные науки №4(24) том 22.,,OK,
35,https://chspu.ru/wp-content/uploads/2020/07/gum-№226-2019-tom-24.pdf,404,,0,0.0,,False,,False,1,2019 Серия 1. Гуманитарные и общественные науки №2(26) том 24.,,CHECK,HTTPError 404: Not Found
36,https://chspu.ru/wp-content/uploads/2020/07/gum-№327-2019-tom25-maket-3-ot-16.09.19-dlya-izvestij-1.pdf,404,,0,0.0,,False,,False,1,2019 Серия 1. Гуманитарные и общественные науки №3(27) том 25.,,CHECK,HTTPError 404: Not Found
37,https://chspu.ru/wp-content/uploads/2020/07/gum.-№42019.pdf,404,,0,0.0,,False,,False,1,2019 Серия 1. Гуманитарные и общественные науки №4(28) том 26.,,CHECK,HTTPError 404: Not Found
38,https://chspu.ru/wp-content/uploads/2020/07/est-№120-2019-el.var.pdf,404,,0,0.0,,False,,False,1,2019 Серия 2. Естественные и технические науки №1(20) том 17.,,CHECK,HTTPError 404: Not Found
39,https://chspu.ru/wp-content/uploads/2020/07/est.-№22019.pdf,404,,0,0.0,,False,,False,1,2019 Серия 2. Естественные и технические науки №2(21) том 18.,,CHECK,HTTPError 404: Not Found
40,https://chspu.ru/wp-content/uploads/2020/07/izvestiya-est-№118.pdf,404,,0,0.0,,False,,False,1,2018 Серия 2. Естественные и технические науки №1(18) том 15.,,CHECK,HTTPError 404: Not Found
41,https://chspu.ru/wp-content/uploads/2020/07/izvestiya-est-№219-tom-16-2018.pdf,404,,0,0.0,,False,,False,1,2018 Серия 2. Естественные и технические науки №2(19) том 16.,,CHECK,HTTPError 404: Not Found
42,https://chspu.ru/wp-content/uploads/2020/07/izvestiya-chgpu.-seriya-1.-gum.-i-obshh.-№117-tom-13.pdf,404,,0,0.0,,False,,False,1,2017 Серия 1. Гуманитарные и общественные науки №1(17) том 13.,,CHECK,HTTPError 404: Not Found
43,https://chspu.ru/wp-content/uploads/2020/07/gum-izvestiya-№218-tom-15-2017.pdf,404,,0,0.0,,False,,False,1,"2017 Серия 1. Гуманитарные и общественные науки №2(18), том 15.",,CHECK,HTTPError 404: Not Found
44,https://chspu.ru/wp-content/uploads/2020/07/izvestiya-319-tom-16.pdf,200,application/pdf,4625338,4.41,294,True,7a4f7793f90bdbb0cb23aabf39ad0ab533540d610b4c44a65b76b09e3a086ba2,True,2,2017 Серия 1. Гуманитарные и общественные науки №3(19) том 16.; 2017 Серия 1. Гуманитарные и общественные науки № 4(20) том 17.,,OK,
45,https://chspu.ru/wp-content/uploads/2020/07/izvestiya-est-№17.pdf,404,,0,0.0,,False,,False,1,2017 Серия 2. Естественные и технические науки № 1(17) том 14.,,CHECK,HTTPError 404: Not Found
